{"train_val_history": {"loss": [5302.220703125, 1768.4814453125, 1787.697021484375, 1517.613525390625, 797.6353759765625, 3481.7763671875, 4236.759765625, 2611.02685546875, 119.56058502197266, 20.145103454589844, 20.145978927612305, 20.14539337158203, 20.146291732788086, 20.145837783813477, 20.145952224731445, 20.148454666137695, 20.146799087524414, 20.146486282348633, 20.144203186035156, 20.147340774536133, 20.14773941040039, 20.147001266479492, 20.14525604248047, 20.146259307861328, 5.866119861602783, 5.779016971588135, 5.77883243560791, 5.778758525848389, 5.778839588165283, 5.778688430786133, 4.425419330596924, 4.416762351989746, 4.4169206619262695, 4.416875839233398, 4.416922092437744, 4.416886806488037, 4.28229284286499, 4.281416893005371, 4.281467437744141, 4.281447410583496, 4.281487941741943, 4.281427383422852, 4.281466960906982, 4.281447410583496, 4.281482219696045, 4.281433582305908, 4.281476974487305], "accuracy": [0.012612361460924149, 0.011218730360269547, 0.010382551699876785, 0.014493763446807861, 0.012263953685760498, 0.011288411915302277, 0.011009685695171356, 0.012542679905891418, 0.008710194379091263, 0.018744338303804398, 0.017211344093084335, 0.01351822167634964, 0.014563445001840591, 0.016375165432691574, 0.015329942107200623, 0.014284718781709671, 0.019023064523935318, 0.01951083540916443, 0.015538986772298813, 0.012403316795825958, 0.01351822167634964, 0.012054909020662308, 0.018326248973608017, 0.015748031437397003, 0.010382551699876785, 0.01372726634144783, 0.012542679905891418, 0.011706501245498657, 0.015329942107200623, 0.01400599256157875, 0.018674656748771667, 0.018674656748771667, 0.018674656748771667, 0.018674656748771667, 0.018674656748771667, 0.018674656748771667, 0.018674656748771667, 0.018674656748771667, 0.018674656748771667, 0.018674656748771667, 0.018674656748771667, 0.018674656748771667, 0.018674656748771667, 0.018674656748771667, 0.018674656748771667, 0.018674656748771667, 0.018674656748771667], "precision": [0.02450980432331562, 0.024320457130670547, 0.023749999701976776, 0.03441682457923889, 0.028822055086493492, 0.027906976640224457, 0.02696365676820278, 0.02475685253739357, 0.0, 0.0, 0.0, 0.0, 0.0, 0.0, 0.0, 0.0, 0.0, 0.0, 0.0, 0.0, 0.0, 0.0, 0.0, 0.0, 0.0, 0.0, 0.0, 0.0, 0.0, 0.0, 0.0, 0.0, 0.0, 0.0, 0.0, 0.0, 0.0, 0.0, 0.0, 0.0, 0.0, 0.0, 0.0, 0.0, 0.0, 0.0, 0.0], "recall": [0.0017420388758182526, 0.0011845864355564117, 0.001323949545621872, 0.0025085359811782837, 0.0016026757657527924, 0.0025085359811782837, 0.0016026757657527924, 0.0019510835409164429, 0.0, 0.0, 0.0, 0.0, 0.0, 0.0, 0.0, 0.0, 0.0, 0.0, 0.0, 0.0, 0.0, 0.0, 0.0, 0.0, 0.0, 0.0, 0.0, 0.0, 0.0, 0.0, 0.0, 0.0, 0.0, 0.0, 0.0, 0.0, 0.0, 0.0, 0.0, 0.0, 0.0, 0.0, 0.0, 0.0, 0.0, 0.0, 0.0], "val_loss": [857.6888427734375, 304.1408996582031, 134.08151245117188, 340.6436462402344, 722.0062866210938, 749.5775756835938, 546.90087890625, 1021.4890747070312, 20.10546875, 20.10993194580078, 20.104644775390625, 20.095643997192383, 20.09585952758789, 20.104990005493164, 20.09645652770996, 20.095386505126953, 20.100807189941406, 20.106582641601562, 20.092615127563477, 20.094484329223633, 20.10427474975586, 20.109548568725586, 20.102502822875977, 20.098180770874023, 5.737947463989258, 5.73850154876709, 5.738642692565918, 5.738600254058838, 5.738359451293945, 5.738499164581299, 4.312902450561523, 4.40618371963501, 4.364896297454834, 4.383106231689453, 4.375021934509277, 4.37859582901001, 4.2293596267700195, 4.253964424133301, 4.231283664703369, 4.2521843910217285, 4.232914924621582, 4.250669002532959, 4.2342915534973145, 4.249383926391602, 4.235476970672607, 4.248297214508057, 4.236481666564941], "val_accuracy": [0.01950947567820549, 0.011148272082209587, 0.011705685406923294, 0.006131549831479788, 0.006688963156193495, 0.006131549831479788, 0.003901895135641098, 0.004459308926016092, 0.02675585262477398, 0.021739130839705467, 0.011705685406923294, 0.037904124706983566, 0.037904124706983566, 0.011705685406923294, 0.011705685406923294, 0.015607580542564392, 0.017279822379350662, 0.023968784138560295, 0.013935339637100697, 0.013935339637100697, 0.006688963156193495, 0.023411370813846588, 0.021739130839705467, 0.013935339637100697, 0.013935339637100697, 0.013935339637100697, 0.013935339637100697, 0.013935339637100697, 0.013935339637100697, 0.018394649028778076, 0.018394649028778076, 0.018394649028778076, 0.018394649028778076, 0.018394649028778076, 0.018394649028778076, 0.018394649028778076, 0.018394649028778076, 0.018394649028778076, 0.018394649028778076, 0.018394649028778076, 0.018394649028778076, 0.018394649028778076, 0.018394649028778076, 0.018394649028778076, 0.018394649028778076, 0.018394649028778076, 0.018394649028778076], "val_precision": [0.0, 0.0, 0.0, 0.0, 0.0, 0.0, 0.0, 0.0, 0.0, 0.0, 0.0, 0.0, 0.0, 0.0, 0.0, 0.0, 0.0, 0.0, 0.0, 0.0, 0.0, 0.0, 0.0, 0.0, 0.0, 0.0, 0.0, 0.0, 0.0, 0.0, 0.0, 0.0, 0.0, 0.0, 0.0, 0.0, 0.0, 0.0, 0.0, 0.0, 0.0, 0.0, 0.0, 0.0, 0.0, 0.0, 0.0], "val_recall": [0.0, 0.0, 0.0, 0.0, 0.0, 0.0, 0.0, 0.0, 0.0, 0.0, 0.0, 0.0, 0.0, 0.0, 0.0, 0.0, 0.0, 0.0, 0.0, 0.0, 0.0, 0.0, 0.0, 0.0, 0.0, 0.0, 0.0, 0.0, 0.0, 0.0, 0.0, 0.0, 0.0, 0.0, 0.0, 0.0, 0.0, 0.0, 0.0, 0.0, 0.0, 0.0, 0.0, 0.0, 0.0, 0.0, 0.0], "lr": [0.10000000149011612, 0.10000000149011612, 0.10000000149011612, 0.10000000149011612, 0.10000000149011612, 0.10000000149011612, 0.10000000149011612, 0.10000000149011612, 0.009999999776482582, 0.009999999776482582, 0.009999999776482582, 0.009999999776482582, 0.009999999776482582, 0.009999999776482582, 0.009999999776482582, 0.009999999776482582, 0.009999999776482582, 0.009999999776482582, 0.009999999776482582, 0.009999999776482582, 0.009999999776482582, 0.009999999776482582, 0.009999999776482582, 0.009999999776482582, 0.0009999999310821295, 0.0009999999310821295, 0.0009999999310821295, 0.0009999999310821295, 0.0009999999310821295, 0.0009999999310821295, 9.99999901978299e-05, 9.99999901978299e-05, 9.99999901978299e-05, 9.99999901978299e-05, 9.99999901978299e-05, 9.99999901978299e-05, 9.999999747378752e-06, 9.999999747378752e-06, 9.999999747378752e-06, 9.999999747378752e-06, 9.999999747378752e-06, 9.999999747378752e-06, 9.999999747378752e-06, 9.999999747378752e-06, 9.999999747378752e-06, 9.999999747378752e-06, 9.999999747378752e-06]}, "test_history": [4.236596584320068, 0.018394649028778076, 0.0, 0.0, 0]}