{"0": {"train_val_history": {"loss": [8.643362998962402, 4.21478271484375, 4.1333088874816895, 4.089402675628662, 4.102243423461914, 4.050083160400391, 4.043864727020264, 4.039765357971191, 4.075836181640625, 4.038928508758545, 4.051608085632324, 4.038717746734619, 4.0370097160339355, 4.036734104156494, 4.036618232727051, 4.036555767059326, 4.036663055419922, 4.037252902984619, 4.036389350891113, 4.036380290985107, 4.038152694702148, 4.036356449127197, 4.036325454711914, 4.036365509033203, 4.0363450050354, 4.036296844482422, 4.036334037780762, 4.0357584953308105, 4.035757541656494, 4.035752773284912, 4.035752773284912, 4.035752773284912, 4.0356926918029785, 4.035695552825928, 4.0356926918029785, 4.035694122314453], "accuracy": [0.04619887098670006, 0.05490906536579132, 0.056790467351675034, 0.05581492558121681, 0.05546651780605316, 0.05616333335638046, 0.05588460713624954, 0.05616333335638046, 0.05623301491141319, 0.05588460713624954, 0.05560588091611862, 0.05553619936108589, 0.05553619936108589, 0.05553619936108589, 0.05553619936108589, 0.05553619936108589, 0.05546651780605316, 0.05553619936108589, 0.05553619936108589, 0.05553619936108589, 0.05546651780605316, 0.05553619936108589, 0.05553619936108589, 0.05553619936108589, 0.05553619936108589, 0.05553619936108589, 0.05553619936108589, 0.05553619936108589, 0.05553619936108589, 0.05553619936108589, 0.05553619936108589, 0.05553619936108589, 0.05553619936108589, 0.05553619936108589, 0.05553619936108589, 0.05553619936108589], "precision": [0.0390625, 0.1428571492433548, 0.4000000059604645, 0.3333333432674408, 0.0731707289814949, 0.6000000238418579, 1.0, 0.6666666865348816, 0.19512194395065308, 0.5, 0.125, 0.0, 0.0, 0.0, 0.0, 0.0, 0.0, 0.0, 0.0, 0.0, 0.0, 0.0, 0.0, 0.0, 0.0, 0.0, 0.0, 0.0, 0.0, 0.0, 0.0, 0.0, 0.0, 0.0, 0.0, 0.0], "recall": [0.005226116627454758, 0.0002787262201309204, 0.0004180893301963806, 0.0002090446650981903, 0.0002090446650981903, 0.0004180893301963806, 0.0003484077751636505, 0.0004180893301963806, 0.0005574524402618408, 0.0002090446650981903, 0.0001393631100654602, 0.0, 0.0, 0.0, 0.0, 0.0, 0.0, 0.0, 0.0, 0.0, 0.0, 0.0, 0.0, 0.0, 0.0, 0.0, 0.0, 0.0, 0.0, 0.0, 0.0, 0.0, 0.0, 0.0, 0.0, 0.0], "val_loss": [4.207584857940674, 4.1818647384643555, 4.17155647277832, 4.109422206878662, 4.05281400680542, 4.0445475578308105, 4.040235996246338, 4.037909984588623, 4.035825252532959, 4.03560733795166, 4.035027027130127, 4.036006927490234, 4.034430503845215, 4.0342793464660645, 4.03417444229126, 4.034096717834473, 4.034038543701172, 4.034000873565674, 4.033977031707764, 4.033957481384277, 4.033944129943848, 4.033929347991943, 4.0339202880859375, 4.0339131355285645, 4.03391170501709, 4.033908843994141, 4.033919334411621, 4.0339179039001465, 4.033918857574463, 4.033918857574463, 4.03391695022583, 4.03391695022583, 4.03391695022583, 4.03391695022583, 4.03391695022583, 4.03391695022583], "val_accuracy": [0.0529542937874794, 0.057413600385189056, 0.05351170524954796, 0.0529542937874794, 0.055741358548402786, 0.055741358548402786, 0.055741358548402786, 0.055741358548402786, 0.055741358548402786, 0.055741358548402786, 0.055741358548402786, 0.055741358548402786, 0.055741358548402786, 0.055741358548402786, 0.055741358548402786, 0.055741358548402786, 0.055741358548402786, 0.055741358548402786, 0.055741358548402786, 0.055741358548402786, 0.055741358548402786, 0.055741358548402786, 0.055741358548402786, 0.055741358548402786, 0.055741358548402786, 0.055741358548402786, 0.055741358548402786, 0.055741358548402786, 0.055741358548402786, 0.055741358548402786, 0.055741358548402786, 0.055741358548402786, 0.055741358548402786, 0.055741358548402786, 0.055741358548402786, 0.055741358548402786], "val_precision": [0.0, 0.0, 0.0, 0.0, 0.0, 0.0, 0.0, 0.0, 0.0, 0.0, 0.0, 0.0, 0.0, 0.0, 0.0, 0.0, 0.0, 0.0, 0.0, 0.0, 0.0, 0.0, 0.0, 0.0, 0.0, 0.0, 0.0, 0.0, 0.0, 0.0, 0.0, 0.0, 0.0, 0.0, 0.0, 0.0], "val_recall": [0.0, 0.0, 0.0, 0.0, 0.0, 0.0, 0.0, 0.0, 0.0, 0.0, 0.0, 0.0, 0.0, 0.0, 0.0, 0.0, 0.0, 0.0, 0.0, 0.0, 0.0, 0.0, 0.0, 0.0, 0.0, 0.0, 0.0, 0.0, 0.0, 0.0, 0.0, 0.0, 0.0, 0.0, 0.0, 0.0], "lr": [0.0010000000474974513, 0.0010000000474974513, 0.0010000000474974513, 0.0010000000474974513, 0.0010000000474974513, 0.0010000000474974513, 0.0010000000474974513, 0.0010000000474974513, 0.0010000000474974513, 0.0010000000474974513, 0.0010000000474974513, 0.0010000000474974513, 0.0010000000474974513, 0.0010000000474974513, 0.0010000000474974513, 0.0010000000474974513, 0.0010000000474974513, 0.0010000000474974513, 0.0010000000474974513, 0.0010000000474974513, 0.0010000000474974513, 0.0010000000474974513, 0.0010000000474974513, 0.0010000000474974513, 0.0010000000474974513, 0.0010000000474974513, 0.0010000000474974513, 0.00010000000474974513, 0.00010000000474974513, 0.00010000000474974513, 0.00010000000474974513, 0.00010000000474974513, 1.0000000656873453e-05, 1.0000000656873453e-05, 1.0000000656873453e-05, 1.0000000656873453e-05]}, "test_history": [4.035541534423828, 0.055741358548402786, 0.0, 0.0, 0], "description": "6 layers"}, "1": {"train_val_history": {"loss": [9.427431106567383, 4.090108871459961, 4.0006184577941895, 3.9119515419006348, 3.8410329818725586, 3.7380192279815674, 3.6213698387145996, 3.4755358695983887, 3.3265345096588135, 3.137988805770874, 2.9228222370147705, 2.7269692420959473, 2.5014936923980713, 2.074496269226074, 1.9369570016860962, 1.829721450805664, 1.728024959564209, 1.6121132373809814], "accuracy": [0.04292383790016174, 0.06208626553416252, 0.07386244833469391, 0.0826423242688179, 0.09225837886333466, 0.10514947026968002, 0.12319698929786682, 0.14918820559978485, 0.17030172049999237, 0.20730262994766235, 0.24945996701717377, 0.2840220332145691, 0.340324729681015, 0.4264511168003082, 0.45704132318496704, 0.48533204197883606, 0.5099992752075195, 0.5405895113945007], "precision": [0.022038567811250687, 0.18421052396297455, 0.44897958636283875, 0.621052622795105, 0.6292135119438171, 0.6499999761581421, 0.6442141532897949, 0.6834452152252197, 0.6905131936073303, 0.6993428468704224, 0.7317946553230286, 0.7539582252502441, 0.7550012469291687, 0.8264831900596619, 0.8449599146842957, 0.8641185164451599, 0.8708864450454712, 0.885277271270752], "recall": [0.0024775471538305283, 0.0004877708852291107, 0.0015329942107200623, 0.004111211746931076, 0.0078043341636657715, 0.015399623662233353, 0.025991220027208328, 0.04257543012499809, 0.06187722086906433, 0.08898334950208664, 0.12814438343048096, 0.16591177880764008, 0.21301651000976562, 0.30966484546661377, 0.33760714530944824, 0.3576057553291321, 0.3854086697101593, 0.4194132685661316], "val_loss": [4.334060192108154, 4.195307731628418, 4.020613193511963, 3.9662632942199707, 3.9393861293792725, 4.268613815307617, 4.000311851501465, 3.861942768096924, 3.881412982940674, 4.262478351593018, 4.000757694244385, 4.499433994293213, 4.445708751678467, 3.8669466972351074, 3.9318463802337646, 3.976801633834839, 3.9953556060791016, 4.178718566894531], "val_accuracy": [0.04124860465526581, 0.05351170524954796, 0.07023411244153976, 0.07692307978868484, 0.07915273308753967, 0.06521739065647125, 0.08807134628295898, 0.10758082568645477, 0.11538461595773697, 0.07190635800361633, 0.13656632602214813, 0.08361203968524933, 0.0891861766576767, 0.18283165991306305, 0.18840579688549042, 0.18896320462226868, 0.1989966481924057, 0.20624303817749023], "val_precision": [0.22857142984867096, 0.0625, 0.5, 0.6153846383094788, 0.550000011920929, 0.21250000596046448, 0.5319148898124695, 0.5205479264259338, 0.5, 0.22641509771347046, 0.5087719559669495, 0.25471699237823486, 0.23931623995304108, 0.6363636255264282, 0.6405228972434998, 0.6402438879013062, 0.6194444298744202, 0.5684455037117004],